{
  "video": {
    "filename": "session_33d27e50-a04d-420a-8610-f87aff59b570.mp4",
    "width": 1280,
    "height": 720,
    "source_fps": 30.0,
    "total_frames": 247,
    "duration_sec": 8.233
  },
  "export_config": {
    "target_fps": 5.0,
    "total_exported_frames": 42,
    "frame_indices": [
      0,
      6,
      12,
      18,
      24,
      30,
      36,
      42,
      48,
      54,
      60,
      66,
      72,
      78,
      84,
      90,
      96,
      102,
      108,
      114,
      120,
      126,
      132,
      138,
      144,
      150,
      156,
      162,
      168,
      174,
      180,
      186,
      192,
      198,
      204,
      210,
      216,
      222,
      228,
      234,
      240,
      246
    ],
    "export_timestamp": "2025-11-16T06:18:53.625007Z",
    "exporter_version": "1.0.0"
  },
  "annotations": [
    {
      "frame_index": 0,
      "timestamp_sec": 0.0,
      "objects": [
        {
          "object_id": 0,
          "label": "object_0",
          "mask_rle": "25985 3 252 6 249 8 247 10 245 11 244 13 243 13 243 13 242 15 241 15 241 15 241 15 241 16 240 16 240 16 240 16 240 15 241 15 241 15 242 14 242 14 242 13 244 12 244 11 246 10 248 7 250 5 254 1 32635",
          "bbox": [
            101,
            123,
            28,
            16
          ],
          "area": 333,
          "confidence": 0.95
        }
      ]
    },
    {
      "frame_index": 6,
      "timestamp_sec": 0.2,
      "objects": [
        {
          "object_id": 0,
          "label": "object_0",
          "mask_rle": "20355 5 250 8 247 10 246 10 245 12 243 13 243 14 242 14 241 15 241 15 241 15 241 16 239 17 239 17 239 17 239 17 239 16 240 16 241 15 241 15 241 15 242 13 243 13 244 12 244 11 246 9 248 8 250 5 38263",
          "bbox": [
            79,
            125,
            28,
            17
          ],
          "area": 363,
          "confidence": 0.95
        }
      ]
    },
    {
      "frame_index": 12,
      "timestamp_sec": 0.4,
      "objects": [
        {
          "object_id": 0,
          "label": "object_0",
          "mask_rle": "27528 3 251 7 248 9 246 10 245 12 244 12 244 13 242 14 242 15 241 15 241 15 240 16 240 16 240 17 239 17 239 17 239 17 239 17 239 17 239 17 239 17 239 16 241 15 241 15 241 15 241 15 241 14 243 13 243 13 244 11 246 10 247 8 250 4 29812",
          "bbox": [
            107,
            129,
            33,
            17
          ],
          "area": 442,
          "confidence": 0.95
        }
      ]
    },
    {
      "frame_index": 18,
      "timestamp_sec": 0.6,
      "objects": [
        {
          "object_id": 0,
          "label": "object_0",
          "mask_rle": "45706 5 250 9 246 10 246 11 244 12 243 14 242 14 242 15 240 16 240 16 240 16 240 16 240 16 240 16 240 16 240 16 240 16 240 16 240 16 240 16 240 16 240 16 240 16 240 15 241 15 242 14 242 14 243 12 244 11 246 10 247 8 249 6 252 3 11633",
          "bbox": [
            178,
            133,
            33,
            16
          ],
          "area": 438,
          "confidence": 0.95
        }
      ]
    },
    {
      "frame_index": 24,
      "timestamp_sec": 0.8,
      "objects": [
        {
          "object_id": 0,
          "label": "object_0",
          "mask_rle": "35984 4 250 8 247 10 245 12 244 12 243 14 242 14 241 16 240 16 240 16 240 16 240 17 238 18 238 18 238 18 238 18 238 18 238 18 238 18 238 17 240 16 240 16 240 16 241 14 242 14 242 13 244 12 245 10 246 10 247 8 251 2 21869",
          "bbox": [
            140,
            137,
            31,
            18
          ],
          "area": 429,
          "confidence": 0.95
        }
      ]
    },
    {
      "frame_index": 30,
      "timestamp_sec": 1.0,
      "objects": [
        {
          "object_id": 0,
          "label": "object_0",
          "mask_rle": "46739 7 248 8 247 10 245 12 244 12 243 14 242 14 242 15 241 15 240 16 240 16 240 17 239 17 238 18 238 18 238 18 238 18 238 18 238 18 238 18 239 17 239 17 239 17 239 17 239 17 239 16 240 16 241 15 241 14 243 13 243 13 245 10 247 8 249 5 10343",
          "bbox": [
            182,
            141,
            34,
            18
          ],
          "area": 494,
          "confidence": 0.95
        }
      ]
    },
    {
      "frame_index": 36,
      "timestamp_sec": 1.2,
      "objects": [
        {
          "object_id": 0,
          "label": "object_0",
          "mask_rle": "36751 5 249 8 247 10 246 11 244 13 243 13 242 15 241 15 241 15 241 15 240 17 239 17 239 17 239 17 239 17 239 17 239 17 239 17 239 17 239 17 239 17 240 15 241 15 241 15 242 13 243 13 244 11 245 11 246 9 248 7 21355",
          "bbox": [
            143,
            137,
            30,
            17
          ],
          "area": 416,
          "confidence": 0.95
        }
      ]
    },
    {
      "frame_index": 42,
      "timestamp_sec": 1.4,
      "objects": [
        {
          "object_id": 0,
          "label": "object_0",
          "mask_rle": "42632 4 251 7 248 9 246 10 246 11 244 13 243 13 243 13 242 15 241 15 241 15 241 15 241 15 241 15 241 15 241 15 240 16 240 16 240 16 241 15 241 15 241 15 241 15 241 14 242 14 243 13 243 12 244 12 245 10 247 8 249 6 251 4 14964",
          "bbox": [
            166,
            130,
            32,
            16
          ],
          "area": 401,
          "confidence": 0.95
        }
      ]
    },
    {
      "frame_index": 48,
      "timestamp_sec": 1.6,
      "objects": [
        {
          "object_id": 0,
          "label": "object_0",
          "mask_rle": "40844 1 253 6 248 9 247 10 245 11 244 13 243 13 243 14 241 15 241 15 241 15 241 15 241 15 241 15 240 16 240 16 240 16 241 15 241 15 241 15 241 15 241 15 241 15 241 14 242 14 243 13 243 12 245 11 245 10 247 8 249 6 17009",
          "bbox": [
            159,
            132,
            31,
            16
          ],
          "area": 393,
          "confidence": 0.95
        }
      ]
    },
    {
      "frame_index": 54,
      "timestamp_sec": 1.8,
      "objects": [
        {
          "object_id": 0,
          "label": "object_0",
          "mask_rle": "33430 1 253 6 248 9 246 11 245 12 243 13 243 14 241 15 241 16 240 16 240 16 239 17 239 18 238 18 238 18 238 18 238 18 238 18 238 18 238 17 239 17 240 16 240 16 240 16 241 14 242 14 242 13 244 12 245 10 246 9 249 6 24422",
          "bbox": [
            130,
            142,
            31,
            18
          ],
          "area": 432,
          "confidence": 0.95
        }
      ]
    },
    {
      "frame_index": 60,
      "timestamp_sec": 2.0,
      "objects": [
        {
          "object_id": 0,
          "label": "object_0",
          "mask_rle": "40347 6 249 8 247 10 245 12 243 13 243 14 242 14 241 16 240 16 240 16 240 17 239 17 238 18 238 18 238 18 238 18 238 18 238 18 238 18 238 18 238 18 238 18 239 17 239 17 239 17 239 16 241 15 241 14 243 13 243 12 245 11 247 8 249 6 254 1 16735",
          "bbox": [
            157,
            149,
            34,
            18
          ],
          "area": 486,
          "confidence": 0.95
        }
      ]
    },
    {
      "frame_index": 66,
      "timestamp_sec": 2.2,
      "objects": [
        {
          "object_id": 0,
          "label": "object_0",
          "mask_rle": "35224 5 250 7 248 10 245 11 244 13 243 13 243 14 241 15 241 15 241 16 239 17 239 17 239 17 239 17 239 17 239 17 239 17 239 17 239 17 239 17 239 17 239 17 240 15 241 15 241 15 242 13 243 13 243 13 244 11 246 9 247 8 250 5 22371",
          "bbox": [
            137,
            146,
            32,
            17
          ],
          "area": 440,
          "confidence": 0.95
        }
      ]
    },
    {
      "frame_index": 72,
      "timestamp_sec": 2.4,
      "objects": [
        {
          "object_id": 0,
          "label": "object_0",
          "mask_rle": "49299 6 249 8 247 10 246 11 244 12 244 13 242 14 242 14 242 14 241 16 240 16 240 16 240 16 240 16 240 16 240 16 240 16 240 16 240 16 240 16 240 16 240 16 240 16 240 15 241 15 242 14 242 14 242 13 245 4 1 3 1 1 252 1 509 1 1023 1 7274",
          "bbox": [
            192,
            142,
            36,
            16
          ],
          "area": 408,
          "confidence": 0.95
        }
      ]
    },
    {
      "frame_index": 78,
      "timestamp_sec": 2.6,
      "objects": [
        {
          "object_id": 0,
          "label": "object_0",
          "mask_rle": "26264 7 248 9 247 10 245 12 243 13 243 14 242 14 241 15 241 15 241 16 240 16 239 17 239 17 239 17 239 17 239 17 239 17 239 17 239 17 239 17 239 17 239 17 240 15 241 15 241 15 242 13 243 13 244 11 245 11 246 9 251 3 31586",
          "bbox": [
            102,
            147,
            31,
            17
          ],
          "area": 433,
          "confidence": 0.95
        }
      ]
    },
    {
      "frame_index": 84,
      "timestamp_sec": 2.8,
      "objects": [
        {
          "object_id": 0,
          "label": "object_0",
          "mask_rle": "20381 6 249 8 247 10 245 12 244 12 243 14 242 14 241 16 240 16 240 16 240 16 239 18 238 18 238 18 238 18 238 18 238 18 238 18 238 18 238 17 239 17 240 16 240 16 240 16 241 14 242 14 243 12 244 12 245 10 247 7 251 4 253 1 37216",
          "bbox": [
            79,
            151,
            32,
            18
          ],
          "area": 440,
          "confidence": 0.95
        }
      ]
    },
    {
      "frame_index": 90,
      "timestamp_sec": 3.0,
      "objects": [
        {
          "object_id": 0,
          "label": "object_0",
          "mask_rle": "36513 4 251 6 249 9 246 10 245 12 244 13 242 14 242 15 241 15 240 16 240 17 239 17 239 17 238 18 238 18 238 18 238 18 238 18 238 18 238 18 238 18 238 18 238 18 238 18 239 17 239 17 239 17 239 17 239 17 240 16 240 15 241 15 241 14 243 13 243 12 245 10 247 8 248 6 255 1 19291",
          "bbox": [
            142,
            154,
            39,
            18
          ],
          "area": 558,
          "confidence": 0.95
        }
      ]
    },
    {
      "frame_index": 96,
      "timestamp_sec": 3.2,
      "objects": [
        {
          "object_id": 0,
          "label": "object_0",
          "mask_rle": "29091 1 253 6 249 8 247 10 245 12 244 13 242 14 242 15 241 15 240 16 240 17 239 17 238 18 238 18 238 18 238 18 238 19 237 19 237 19 237 19 237 19 237 18 238 18 238 18 239 17 239 17 239 17 239 16 241 15 241 14 243 13 243 12 245 10 247 8 250 5 27737",
          "bbox": [
            113,
            155,
            35,
            19
          ],
          "area": 509,
          "confidence": 0.95
        }
      ]
    },
    {
      "frame_index": 102,
      "timestamp_sec": 3.4,
      "objects": [
        {
          "object_id": 0,
          "label": "object_0",
          "mask_rle": "24994 3 251 7 248 9 246 11 244 13 243 13 242 15 241 15 240 17 239 17 239 17 238 19 237 19 237 19 237 19 237 19 237 19 237 19 237 19 237 19 237 19 237 19 237 18 238 18 238 18 239 17 239 17 240 15 241 14 243 13 243 12 246 9 248 7 251 3 32091",
          "bbox": [
            97,
            154,
            34,
            19
          ],
          "area": 507,
          "confidence": 0.95
        }
      ]
    },
    {
      "frame_index": 108,
      "timestamp_sec": 3.6,
      "objects": [
        {
          "object_id": 0,
          "label": "object_0",
          "mask_rle": "36255 1 253 6 248 10 245 12 243 13 243 14 241 15 241 16 240 16 239 17 239 17 239 17 239 18 237 19 237 19 237 19 237 19 237 19 237 19 237 19 237 19 238 18 238 18 238 18 238 18 238 18 238 18 238 18 238 18 239 16 240 16 240 16 241 14 242 13 244 12 245 10 246 9 248 7 251 3 1022 1 1021 1 17506",
          "bbox": [
            141,
            150,
            47,
            19
          ],
          "area": 586,
          "confidence": 0.95
        }
      ]
    },
    {
      "frame_index": 114,
      "timestamp_sec": 3.8,
      "objects": [
        {
          "object_id": 0,
          "label": "object_0",
          "mask_rle": "16530 4 251 7 248 9 246 11 244 13 243 14 242 14 241 16 240 16 239 17 239 17 239 18 238 18 238 18 238 18 238 19 237 19 237 19 237 19 237 19 237 19 237 18 238 18 239 17 239 17 239 17 239 16 241 15 241 14 243 13 243 12 245 11 246 9 249 5 40552",
          "bbox": [
            64,
            140,
            34,
            19
          ],
          "area": 506,
          "confidence": 0.95
        }
      ]
    },
    {
      "frame_index": 120,
      "timestamp_sec": 4.0,
      "objects": [
        {
          "object_id": 0,
          "label": "object_0",
          "mask_rle": "17542 5 250 7 248 9 246 11 244 12 243 14 242 14 241 16 240 16 240 16 239 17 239 18 238 18 238 18 238 18 238 18 238 18 237 19 238 18 238 18 238 17 239 17 239 17 239 17 239 16 241 15 241 15 241 14 243 13 243 13 244 11 246 9 250 5 39797",
          "bbox": [
            68,
            126,
            33,
            19
          ],
          "area": 479,
          "confidence": 0.95
        }
      ]
    },
    {
      "frame_index": 126,
      "timestamp_sec": 4.2,
      "objects": [
        {
          "object_id": 0,
          "label": "object_0",
          "mask_rle": "38267 3 251 7 248 9 246 10 245 12 244 12 243 14 242 14 241 15 241 15 241 16 240 16 239 17 239 17 239 17 239 17 239 17 239 17 239 17 239 17 239 17 239 17 239 17 239 17 239 17 239 16 240 16 240 16 240 16 241 15 241 14 242 14 243 13 243 12 245 11 246 9 249 7 249 6 251 4 17538",
          "bbox": [
            149,
            115,
            39,
            17
          ],
          "area": 533,
          "confidence": 0.95
        }
      ]
    },
    {
      "frame_index": 132,
      "timestamp_sec": 4.4,
      "objects": [
        {
          "object_id": 0,
          "label": "object_0",
          "mask_rle": "32630 5 249 9 247 9 246 11 245 12 243 13 243 14 241 15 241 15 241 16 240 16 239 17 239 17 239 17 239 17 239 17 239 17 239 17 239 17 239 17 239 17 240 16 240 16 240 15 242 14 242 14 243 12 244 12 245 10 246 9 248 7 25220",
          "bbox": [
            127,
            112,
            31,
            17
          ],
          "area": 430,
          "confidence": 0.95
        }
      ]
    },
    {
      "frame_index": 138,
      "timestamp_sec": 4.6,
      "objects": [
        {
          "object_id": 0,
          "label": "object_0",
          "mask_rle": "32118 5 249 8 247 10 246 11 244 13 243 13 242 14 242 15 240 16 240 16 240 16 240 17 239 17 239 17 239 17 239 17 239 17 239 17 239 17 239 17 239 16 240 16 240 16 241 15 241 14 243 13 243 13 243 12 245 10 247 9 248 7 250 4 25478",
          "bbox": [
            125,
            112,
            32,
            17
          ],
          "area": 435,
          "confidence": 0.95
        }
      ]
    },
    {
      "frame_index": 144,
      "timestamp_sec": 4.8,
      "objects": [
        {
          "object_id": 0,
          "label": "object_0",
          "mask_rle": "45172 6 249 9 246 11 245 11 244 13 243 13 242 15 241 15 240 16 240 16 240 16 240 17 239 17 239 17 239 17 239 17 239 17 239 17 239 17 239 17 239 16 240 16 240 16 240 16 241 15 241 14 243 13 243 13 244 11 246 9 248 7 250 6 3070 1 9350",
          "bbox": [
            176,
            111,
            44,
            17
          ],
          "area": 447,
          "confidence": 0.95
        }
      ]
    },
    {
      "frame_index": 150,
      "timestamp_sec": 5.0,
      "objects": [
        {
          "object_id": 0,
          "label": "object_0",
          "mask_rle": "32119 6 249 8 247 10 245 12 243 13 243 14 241 15 241 15 241 16 239 17 239 17 239 17 239 17 239 17 239 17 239 17 239 17 239 17 239 17 239 17 239 17 240 16 240 15 241 15 241 15 242 13 243 13 244 11 246 9 248 7 252 1 25734",
          "bbox": [
            125,
            113,
            31,
            17
          ],
          "area": 428,
          "confidence": 0.95
        }
      ]
    },
    {
      "frame_index": 156,
      "timestamp_sec": 5.2,
      "objects": [
        {
          "object_id": 0,
          "label": "object_0",
          "mask_rle": "38521 4 250 8 247 10 245 12 243 13 243 14 242 14 241 15 241 16 240 16 240 16 240 16 239 17 239 18 238 18 238 18 238 18 238 18 238 18 238 18 238 18 238 18 239 17 239 17 239 16 240 16 240 16 240 16 241 14 242 14 243 12 244 12 246 9 248 7 250 5 18306",
          "bbox": [
            150,
            114,
            35,
            18
          ],
          "area": 504,
          "confidence": 0.95
        }
      ]
    },
    {
      "frame_index": 162,
      "timestamp_sec": 5.4,
      "objects": [
        {
          "object_id": 0,
          "label": "object_0",
          "mask_rle": "37758 6 249 8 247 10 245 12 244 13 242 14 242 15 240 16 240 16 240 17 238 18 238 18 238 18 238 18 238 18 238 18 238 18 238 18 238 18 238 18 238 18 238 18 238 18 238 17 240 16 240 16 240 16 240 15 242 14 242 13 243 13 244 11 247 8 250 5 19324",
          "bbox": [
            147,
            120,
            34,
            18
          ],
          "area": 505,
          "confidence": 0.95
        }
      ]
    },
    {
      "frame_index": 168,
      "timestamp_sec": 5.6,
      "objects": [
        {
          "object_id": 0,
          "label": "object_0",
          "mask_rle": "27531 5 250 7 248 10 245 11 244 13 242 15 241 15 241 16 239 17 239 17 239 18 238 18 237 19 237 19 237 19 237 19 237 19 237 19 237 19 237 19 237 19 238 18 238 18 238 18 238 18 238 17 240 16 240 16 241 15 241 14 243 12 245 11 246 8 249 6 29551",
          "bbox": [
            107,
            132,
            34,
            19
          ],
          "area": 520,
          "confidence": 0.95
        }
      ]
    },
    {
      "frame_index": 174,
      "timestamp_sec": 5.8,
      "objects": [
        {
          "object_id": 0,
          "label": "object_0",
          "mask_rle": "38807 3 251 7 248 9 246 11 244 13 243 14 241 15 241 16 239 17 239 17 239 18 237 19 237 19 237 19 237 19 237 19 237 19 237 19 237 19 237 19 237 19 237 19 237 19 237 19 237 19 237 19 238 18 238 18 238 17 240 16 240 9 1 1 1 4 240 7 6 2 242 6 250 6 251 4 252 4 253 2 17514",
          "bbox": [
            151,
            143,
            37,
            19
          ],
          "area": 539,
          "confidence": 0.95
        }
      ]
    },
    {
      "frame_index": 180,
      "timestamp_sec": 6.0,
      "objects": [
        {
          "object_id": 0,
          "label": "object_0",
          "mask_rle": "31892 5 249 8 247 10 246 11 244 13 242 14 242 15 240 16 240 16 240 17 239 17 238 18 238 18 238 19 237 19 237 19 237 19 237 19 237 19 237 19 237 19 237 19 237 18 238 18 239 17 239 17 239 16 241 15 242 14 242 13 243 13 244 11 246 8 250 5 25191",
          "bbox": [
            124,
            141,
            34,
            19
          ],
          "area": 514,
          "confidence": 0.95
        }
      ]
    },
    {
      "frame_index": 186,
      "timestamp_sec": 6.2,
      "objects": [
        {
          "object_id": 0,
          "label": "object_0",
          "mask_rle": "46225 5 249 8 247 10 245 12 244 12 243 14 242 14 242 15 240 16 240 16 240 16 240 17 239 17 238 18 238 18 238 18 238 18 238 18 238 18 238 18 238 18 238 18 238 18 238 17 240 16 240 16 240 16 240 16 241 14 242 14 242 14 243 12 244 12 245 10 246 9 249 6 251 4 10091",
          "bbox": [
            180,
            138,
            37,
            18
          ],
          "area": 528,
          "confidence": 0.95
        }
      ]
    },
    {
      "frame_index": 192,
      "timestamp_sec": 6.4,
      "objects": [
        {
          "object_id": 0,
          "label": "object_0",
          "mask_rle": "28826 5 249 8 248 10 245 11 244 13 243 13 243 13 242 15 241 15 240 16 240 16 240 17 239 17 239 17 238 18 238 18 238 18 238 18 238 18 238 17 239 17 240 16 240 16 240 16 240 15 242 14 242 14 242 13 244 12 244 11 246 9 248 8 250 3 28515",
          "bbox": [
            112,
            147,
            33,
            18
          ],
          "area": 457,
          "confidence": 0.95
        }
      ]
    },
    {
      "frame_index": 198,
      "timestamp_sec": 6.6,
      "objects": [
        {
          "object_id": 0,
          "label": "object_0",
          "mask_rle": "23714 5 249 9 246 10 246 11 244 14 242 15 240 16 240 16 240 16 239 17 239 17 239 17 239 17 239 17 239 17 239 17 239 17 239 17 239 17 239 17 240 16 240 16 240 16 240 15 242 14 242 13 243 13 244 11 246 9 248 7 251 3 34138",
          "bbox": [
            92,
            156,
            31,
            17
          ],
          "area": 432,
          "confidence": 0.95
        }
      ]
    },
    {
      "frame_index": 204,
      "timestamp_sec": 6.8,
      "objects": [
        {
          "object_id": 0,
          "label": "object_0",
          "mask_rle": "39594 5 249 8 247 10 246 11 244 13 243 13 243 13 242 15 241 15 241 15 241 16 240 16 240 16 240 16 240 16 240 16 239 17 239 17 239 17 239 17 239 17 240 16 240 16 240 16 240 16 241 15 241 15 241 14 243 13 243 12 245 11 246 9 248 7 250 5 17488",
          "bbox": [
            154,
            164,
            34,
            17
          ],
          "area": 464,
          "confidence": 0.95
        }
      ]
    },
    {
      "frame_index": 210,
      "timestamp_sec": 7.0,
      "objects": [
        {
          "object_id": 0,
          "label": "object_0",
          "mask_rle": "36528 1 251 8 247 11 245 11 244 13 243 13 242 15 241 15 241 15 241 16 240 16 239 17 239 17 239 17 239 17 239 17 239 17 239 17 239 17 239 17 240 15 241 15 241 15 242 14 242 13 244 12 245 10 247 8 249 6 252 3 21581",
          "bbox": [
            142,
            168,
            30,
            17
          ],
          "area": 398,
          "confidence": 0.95
        }
      ]
    },
    {
      "frame_index": 216,
      "timestamp_sec": 7.2,
      "objects": [
        {
          "object_id": 0,
          "label": "object_0",
          "mask_rle": "40368 5 250 8 248 8 247 10 246 11 245 11 244 13 243 13 242 14 242 15 240 16 240 16 239 17 238 18 238 18 238 18 237 19 237 19 237 19 236 20 236 20 236 20 236 20 236 20 236 20 235 20 236 20 236 20 236 24 232 25 231 26 230 26 229 27 229 26 230 26 229 27 229 27 229 27 229 26 230 26 229 27 229 26 231 25 231 25 231 24 232 24 233 23 234 22 237 18 243 12 246 9 12359",
          "bbox": [
            157,
            163,
            51,
            29
          ],
          "area": 996,
          "confidence": 0.95
        }
      ]
    },
    {
      "frame_index": 222,
      "timestamp_sec": 7.4,
      "objects": [
        {
          "object_id": 0,
          "label": "object_0",
          "mask_rle": "45998 4 250 7 248 9 246 11 244 12 244 13 243 13 242 15 241 15 241 15 241 16 240 16 239 17 239 17 239 17 239 17 239 17 239 17 239 18 239 16 240 16 240 16 240 16 241 15 241 14 243 13 243 13 244 11 245 11 246 8 249 5 7667 1 4186",
          "bbox": [
            179,
            165,
            61,
            20
          ],
          "area": 421,
          "confidence": 0.95
        }
      ]
    },
    {
      "frame_index": 228,
      "timestamp_sec": 7.6,
      "objects": [
        {
          "object_id": 0,
          "label": "object_0",
          "mask_rle": "43681 4 250 8 247 10 246 10 245 12 243 13 243 14 242 14 241 15 241 16 240 16 240 16 240 16 239 17 239 17 239 17 239 17 239 17 239 17 240 16 240 15 241 15 241 15 242 13 243 13 244 12 244 11 246 9 248 7 251 3 14428",
          "bbox": [
            170,
            154,
            30,
            17
          ],
          "area": 395,
          "confidence": 0.95
        }
      ]
    },
    {
      "frame_index": 234,
      "timestamp_sec": 7.8,
      "objects": [
        {
          "object_id": 0,
          "label": "object_0",
          "mask_rle": "48538 6 249 8 247 10 245 11 245 12 243 13 243 13 243 14 242 14 241 15 241 15 241 16 240 16 240 16 240 16 240 16 240 16 240 15 241 15 241 15 241 15 241 15 242 13 243 13 243 13 244 11 246 10 247 8 249 6 251 3 9570",
          "bbox": [
            189,
            149,
            30,
            16
          ],
          "area": 379,
          "confidence": 0.95
        }
      ]
    },
    {
      "frame_index": 240,
      "timestamp_sec": 8.0,
      "objects": [
        {
          "object_id": 0,
          "label": "object_0",
          "mask_rle": "38562 2 252 6 248 9 247 10 245 11 245 12 243 13 243 13 243 14 242 14 241 15 241 15 241 15 242 14 242 14 242 14 242 14 242 14 242 14 242 14 242 13 243 13 244 12 245 10 246 10 247 8 249 6 20314",
          "bbox": [
            150,
            155,
            27,
            15
          ],
          "area": 319,
          "confidence": 0.95
        }
      ]
    },
    {
      "frame_index": 246,
      "timestamp_sec": 8.2,
      "objects": [
        {
          "object_id": 0,
          "label": "object_0",
          "mask_rle": "46756 5 250 7 248 9 246 10 246 11 244 12 244 13 243 13 243 13 242 14 242 14 242 14 242 15 241 15 241 15 241 15 241 15 241 15 242 14 242 13 243 13 243 13 243 13 244 11 245 11 245 10 247 8 250 5 253 2 11608",
          "bbox": [
            182,
            159,
            29,
            15
          ],
          "area": 338,
          "confidence": 0.95
        }
      ]
    }
  ]
}