{
  "video": {
    "filename": "session_ea3b9c51-fcfb-4a0b-bf91-80760b02a7bb.mp4",
    "width": 1280,
    "height": 720,
    "source_fps": 30.0,
    "total_frames": 247,
    "duration_sec": 8.233
  },
  "export_config": {
    "target_fps": 2.0,
    "total_exported_frames": 17,
    "frame_indices": [
      0,
      15,
      30,
      45,
      60,
      75,
      90,
      105,
      120,
      135,
      150,
      165,
      180,
      195,
      210,
      225,
      240
    ],
    "export_timestamp": "2025-11-16T06:09:03.158420Z",
    "exporter_version": "1.0.0"
  },
  "annotations": [
    {
      "frame_index": 0,
      "timestamp_sec": 0.0,
      "objects": []
    },
    {
      "frame_index": 15,
      "timestamp_sec": 0.5,
      "objects": []
    },
    {
      "frame_index": 30,
      "timestamp_sec": 1.0,
      "objects": []
    },
    {
      "frame_index": 45,
      "timestamp_sec": 1.5,
      "objects": []
    },
    {
      "frame_index": 60,
      "timestamp_sec": 2.0,
      "objects": []
    },
    {
      "frame_index": 75,
      "timestamp_sec": 2.5,
      "objects": []
    },
    {
      "frame_index": 90,
      "timestamp_sec": 3.0,
      "objects": []
    },
    {
      "frame_index": 105,
      "timestamp_sec": 3.5,
      "objects": []
    },
    {
      "frame_index": 120,
      "timestamp_sec": 4.0,
      "objects": []
    },
    {
      "frame_index": 135,
      "timestamp_sec": 4.5,
      "objects": []
    },
    {
      "frame_index": 150,
      "timestamp_sec": 5.0,
      "objects": []
    },
    {
      "frame_index": 165,
      "timestamp_sec": 5.5,
      "objects": []
    },
    {
      "frame_index": 180,
      "timestamp_sec": 6.0,
      "objects": []
    },
    {
      "frame_index": 195,
      "timestamp_sec": 6.5,
      "objects": []
    },
    {
      "frame_index": 210,
      "timestamp_sec": 7.0,
      "objects": []
    },
    {
      "frame_index": 225,
      "timestamp_sec": 7.5,
      "objects": []
    },
    {
      "frame_index": 240,
      "timestamp_sec": 8.0,
      "objects": []
    }
  ]
}